/*
SQLyog Enterprise v12.3.2 (32 bit)
MySQL - 5.7.19-0ubuntu0.16.04.1 : Database - homestead
*********************************************************************
*/

/*!40101 SET NAMES utf8 */;

/*!40101 SET SQL_MODE=''*/;

/*!40014 SET @OLD_UNIQUE_CHECKS=@@UNIQUE_CHECKS, UNIQUE_CHECKS=0 */;
/*!40014 SET @OLD_FOREIGN_KEY_CHECKS=@@FOREIGN_KEY_CHECKS, FOREIGN_KEY_CHECKS=0 */;
/*!40101 SET @OLD_SQL_MODE=@@SQL_MODE, SQL_MODE='NO_AUTO_VALUE_ON_ZERO' */;
/*!40111 SET @OLD_SQL_NOTES=@@SQL_NOTES, SQL_NOTES=0 */;
CREATE DATABASE /*!32312 IF NOT EXISTS*/`homestead` /*!40100 DEFAULT CHARACTER SET utf8mb4 COLLATE utf8mb4_bin */;

USE `homestead`;

/*Table structure for table `admins` */

DROP TABLE IF EXISTS `admins`;

CREATE TABLE `admins` (
  `id` int(10) unsigned NOT NULL AUTO_INCREMENT,
  `name` varchar(255) COLLATE utf8mb4_unicode_ci NOT NULL,
  `email` varchar(255) COLLATE utf8mb4_unicode_ci NOT NULL,
  `password` varchar(255) COLLATE utf8mb4_unicode_ci NOT NULL,
  `league` enum('women','co-ed') COLLATE utf8mb4_unicode_ci NOT NULL,
  `created_at` timestamp NULL DEFAULT NULL,
  `updated_at` timestamp NULL DEFAULT NULL,
  PRIMARY KEY (`id`)
) ENGINE=InnoDB DEFAULT CHARSET=utf8mb4 COLLATE=utf8mb4_unicode_ci;

/*Data for the table `admins` */

/*Table structure for table `games` */

DROP TABLE IF EXISTS `games`;

CREATE TABLE `games` (
  `id` int(10) unsigned NOT NULL AUTO_INCREMENT,
  `team1` int(11) NOT NULL,
  `team2` int(11) NOT NULL,
  `winner` int(11) NOT NULL,
  `date` datetime NOT NULL,
  `rounds_id` int(11) NOT NULL,
  `location` varchar(255) COLLATE utf8mb4_unicode_ci NOT NULL,
  `court` varchar(255) COLLATE utf8mb4_unicode_ci NOT NULL,
  `league_id` int(11) NOT NULL,
  `tier` int(11) NOT NULL,
  `created_at` timestamp NULL DEFAULT NULL,
  `updated_at` timestamp NULL DEFAULT NULL,
  PRIMARY KEY (`id`)
) ENGINE=InnoDB AUTO_INCREMENT=691 DEFAULT CHARSET=utf8mb4 COLLATE=utf8mb4_unicode_ci;

/*Data for the table `games` */

insert  into `games`(`id`,`team1`,`team2`,`winner`,`date`,`rounds_id`,`location`,`court`,`league_id`,`tier`,`created_at`,`updated_at`) values 
(264,1,3,3,'2017-09-21 20:00:00',1,'YMCA','A',1,1,'2017-10-16 13:51:00','2017-10-26 17:25:55'),
(265,6,8,8,'2017-09-21 20:00:00',1,'YMCA','B',1,1,'2017-10-17 13:51:00','2017-10-17 13:51:00'),
(266,2,4,2,'2017-09-21 20:00:00',1,'YMCA','C',1,1,'2017-10-18 13:51:00','2017-10-18 13:51:00'),
(267,5,7,5,'2017-09-21 20:00:00',1,'YMCA','D',1,1,'2017-10-19 13:51:00','2017-10-19 13:51:00'),
(268,1,6,1,'2017-09-21 21:00:00',1,'YMCA','A',1,1,'2017-10-20 13:51:00','2017-10-26 17:25:57'),
(269,3,8,3,'2017-09-21 21:00:00',1,'YMCA','B',1,1,'2017-10-21 13:51:00','2017-10-26 17:44:20'),
(270,2,5,5,'2017-09-21 21:00:00',1,'YMCA','C',1,1,'2017-10-22 13:51:00','2017-10-22 13:51:00'),
(271,4,7,4,'2017-09-21 21:00:00',1,'YMCA','D',1,1,'2017-10-23 13:51:00','2017-10-23 13:51:00'),
(272,1,4,1,'2017-09-28 20:00:00',1,'YMCA','A',1,1,'2017-10-24 13:51:00','2017-10-26 17:25:59'),
(273,5,8,5,'2017-09-28 20:00:00',1,'YMCA','B',1,1,'2017-10-25 13:51:00','2017-10-25 13:51:00'),
(274,2,3,3,'2017-09-28 20:00:00',1,'YMCA','C',1,1,'2017-10-26 13:51:00','2017-10-26 13:51:00'),
(275,6,7,6,'2017-09-28 20:00:00',1,'YMCA','D',1,1,'2017-10-27 13:51:00','2017-10-27 13:51:00'),
(276,1,5,1,'2017-09-28 21:00:00',1,'YMCA','A',1,1,'2017-10-28 13:51:00','2017-10-26 17:26:05'),
(277,4,8,4,'2017-09-28 21:00:00',1,'YMCA','B',1,1,'2017-10-29 13:51:00','2017-10-29 13:51:00'),
(278,2,6,2,'2017-09-28 21:00:00',1,'YMCA','C',1,1,'2017-10-30 13:51:00','2017-10-30 13:51:00'),
(279,3,7,3,'2017-09-28 21:00:00',1,'YMCA','D',1,1,'2017-10-31 13:51:00','2017-10-26 17:44:25'),
(280,1,8,1,'2017-10-05 20:00:00',1,'YMCA','A',1,1,'2017-11-01 13:51:00','2017-10-26 17:26:07'),
(281,2,7,2,'2017-10-05 20:00:00',1,'YMCA','B',1,1,'2017-11-02 13:51:00','2017-11-02 13:51:00'),
(282,3,5,5,'2017-10-05 20:00:00',1,'YMCA','C',1,1,'2017-11-03 13:51:00','2017-10-26 17:44:28'),
(283,4,6,4,'2017-10-05 20:00:00',1,'YMCA','D',1,1,'2017-11-04 13:51:00','2017-11-04 13:51:00'),
(284,1,7,1,'2017-10-05 21:00:00',1,'YMCA','A',1,1,'2017-11-05 13:51:00','2017-10-26 17:26:10'),
(285,2,8,2,'2017-10-05 21:00:00',1,'YMCA','B',1,1,'2017-11-06 13:51:00','2017-11-06 13:51:00'),
(286,3,6,3,'2017-10-05 21:00:00',1,'YMCA','C',1,1,'2017-11-07 13:51:00','2017-10-26 17:44:30'),
(287,4,5,5,'2017-10-05 21:00:00',1,'YMCA','D',1,1,'2017-11-08 13:51:00','2017-11-08 13:51:00'),
(288,1,2,1,'2017-10-12 20:00:00',1,'YMCA','A',1,1,'2017-11-09 13:51:00','2017-10-26 17:26:13'),
(289,3,4,4,'2017-10-12 20:00:00',1,'YMCA','B',1,1,'2017-11-10 13:51:00','2017-10-26 17:44:32'),
(290,5,6,5,'2017-10-12 20:00:00',1,'YMCA','C',1,1,'2017-11-11 13:51:00','2017-11-11 13:51:00'),
(291,7,8,7,'2017-10-12 20:00:00',1,'YMCA','D',1,1,'2017-11-12 13:51:00','2017-11-12 13:51:00'),
(292,1,3,1,'2017-10-12 21:00:00',2,'YMCA','A',1,1,'2017-11-13 13:51:00','2017-10-26 17:44:44'),
(293,6,8,6,'2017-10-12 21:00:00',2,'YMCA','B',1,1,'2017-11-14 13:51:00','2017-10-31 15:24:13'),
(294,2,4,4,'2017-10-12 21:00:00',2,'YMCA','C',1,1,'2017-11-15 13:51:00','2017-11-15 13:51:00'),
(295,5,7,5,'2017-10-12 21:00:00',2,'YMCA','D',1,1,'2017-11-16 13:51:00','2017-11-16 13:51:00'),
(296,1,6,1,'2017-10-19 20:00:00',2,'YMCA','A',1,1,'2017-11-17 13:51:00','2017-10-26 17:26:26'),
(297,3,8,3,'2017-10-19 20:00:00',2,'YMCA','B',1,1,'2017-11-18 13:51:00','2017-11-10 22:52:57'),
(298,2,5,5,'2017-10-19 20:00:00',2,'YMCA','C',1,1,'2017-11-19 13:51:00','2017-11-19 13:51:00'),
(299,4,7,4,'2017-10-19 20:00:00',2,'YMCA','D',1,1,'2017-11-20 13:51:00','2017-11-20 13:51:00'),
(300,1,4,1,'2017-10-19 21:00:00',2,'YMCA','A',1,1,'2017-11-21 13:51:00','2017-10-26 17:26:30'),
(301,5,8,5,'2017-10-19 21:00:00',2,'YMCA','B',1,1,'2017-11-22 13:51:00','2017-10-26 17:09:02'),
(302,2,3,2,'2017-10-19 21:00:00',2,'YMCA','C',1,1,'2017-11-23 13:51:00','2017-10-26 17:44:56'),
(303,6,7,7,'2017-10-19 21:00:00',2,'YMCA','D',1,1,'2017-11-24 13:51:00','2017-11-24 13:51:00'),
(304,1,5,5,'2017-10-26 20:00:00',2,'YMCA','A',1,1,'2017-11-25 13:51:00','2017-10-26 17:26:33'),
(305,4,8,4,'2017-10-26 20:00:00',2,'YMCA','B',1,1,'2017-11-26 13:51:00','2017-11-10 22:53:00'),
(306,2,6,2,'2017-10-26 20:00:00',2,'YMCA','C',1,1,'2017-11-27 13:51:00','2017-11-27 13:51:00'),
(307,3,7,3,'2017-10-26 20:00:00',2,'YMCA','D',1,1,'2017-11-28 13:51:00','2017-10-26 17:44:59'),
(308,1,8,1,'2017-10-26 21:00:00',2,'YMCA','A',1,1,'2017-11-29 13:51:00','2017-10-26 17:09:07'),
(309,2,7,2,'2017-10-26 21:00:00',2,'YMCA','B',1,1,'2017-11-30 13:51:00','2017-11-30 13:51:00'),
(310,3,5,5,'2017-10-26 21:00:00',2,'YMCA','C',1,1,'2017-12-01 13:51:00','2017-10-26 17:45:03'),
(311,4,6,4,'2017-10-26 21:00:00',2,'YMCA','D',1,1,'2017-12-02 13:51:00','2017-12-02 13:51:00'),
(312,1,7,1,'2017-11-02 20:00:00',2,'YMCA','A',1,1,'2017-12-03 13:51:00','2017-10-26 17:26:42'),
(313,2,8,2,'2017-11-02 20:00:00',2,'YMCA','B',1,1,'2017-12-04 13:51:00','2017-10-26 17:12:38'),
(314,3,6,3,'2017-11-02 20:00:00',2,'YMCA','C',1,1,'2017-12-05 13:51:00','2017-10-26 17:45:36'),
(315,4,5,4,'2017-11-02 20:00:00',2,'YMCA','D',1,1,'2017-12-06 13:51:00','2017-12-06 13:51:00'),
(320,1,3,-1,'2017-11-02 21:00:00',3,'YMCA','A',1,1,'2017-12-11 13:51:00','2017-10-26 17:26:38'),
(321,6,8,-1,'2017-11-02 21:00:00',3,'YMCA','B',1,1,'2017-12-12 13:51:00','2017-12-12 13:51:00'),
(322,2,4,-1,'2017-11-02 21:00:00',3,'YMCA','C',1,1,'2017-12-13 13:51:00','2017-12-13 13:51:00'),
(323,5,7,-1,'2017-11-02 21:00:00',3,'YMCA','D',1,1,'2017-12-14 13:51:00','2017-12-14 13:51:00'),
(324,1,6,-1,'2017-11-09 20:00:00',3,'YMCA','A',1,1,'2017-12-15 13:51:00','2017-10-26 17:26:57'),
(325,3,8,-1,'2017-11-09 20:00:00',3,'YMCA','B',1,1,'2017-12-16 13:51:00','2017-10-26 17:45:45'),
(326,2,5,-1,'2017-11-09 20:00:00',3,'YMCA','C',1,1,'2017-12-17 13:51:00','2017-12-17 13:51:00'),
(327,4,7,-1,'2017-11-09 20:00:00',3,'YMCA','D',1,1,'2017-12-18 13:51:00','2017-12-18 13:51:00'),
(328,1,4,-1,'2017-11-09 21:00:00',3,'YMCA','A',1,1,'2017-12-19 13:51:00','2017-10-26 17:27:01'),
(329,5,8,-1,'2017-11-09 21:00:00',3,'YMCA','B',1,1,'2017-12-20 13:51:00','2017-12-20 13:51:00'),
(330,2,3,-1,'2017-11-09 21:00:00',3,'YMCA','C',1,1,'2017-12-21 13:51:00','2017-12-21 13:51:00'),
(331,6,7,-1,'2017-11-09 21:00:00',3,'YMCA','D',1,1,'2017-12-22 13:51:00','2017-12-22 13:51:00'),
(332,1,5,-1,'2017-11-16 20:00:00',3,'YMCA','A',1,1,'2017-12-23 13:51:00','2017-10-26 17:27:06'),
(333,4,8,-1,'2017-11-16 20:00:00',3,'YMCA','B',1,1,'2017-12-24 13:51:00','2017-12-24 13:51:00'),
(334,2,6,-1,'2017-11-16 20:00:00',3,'YMCA','C',1,1,'2017-12-25 13:51:00','2017-12-25 13:51:00'),
(335,3,7,-1,'2017-11-16 20:00:00',3,'YMCA','D',1,1,'2017-12-26 13:51:00','2017-10-26 17:45:31'),
(336,1,8,-1,'2017-11-16 21:00:00',3,'YMCA','A',1,1,'2017-12-27 13:51:00','2017-10-26 17:27:09'),
(337,2,7,-1,'2017-11-16 21:00:00',3,'YMCA','B',1,1,'2017-12-28 13:51:00','2017-12-28 13:51:00'),
(338,3,5,-1,'2017-11-16 21:00:00',3,'YMCA','C',1,1,'2017-12-29 13:51:00','2017-10-26 17:45:50'),
(339,4,6,-1,'2017-11-16 21:00:00',3,'YMCA','D',1,1,'2017-12-30 13:51:00','2017-12-30 13:51:00'),
(340,1,7,-1,'2017-11-23 20:00:00',3,'YMCA','A',1,1,'2017-12-31 13:51:00','2017-10-26 17:27:15'),
(341,2,8,-1,'2017-11-23 20:00:00',3,'YMCA','B',1,1,'2018-01-01 13:51:00','2018-01-01 13:51:00'),
(342,3,6,-1,'2017-11-23 20:00:00',3,'YMCA','C',1,1,'2018-01-02 13:51:00','2017-10-26 17:45:54'),
(343,4,5,-1,'2017-11-23 20:00:00',3,'YMCA','D',1,1,'2018-01-03 13:51:00','2018-01-03 13:51:00'),
(344,1,2,-1,'2017-11-23 21:00:00',3,'YMCA','A',1,1,'2018-01-04 13:51:00','2017-10-26 17:27:18'),
(345,3,4,-1,'2017-11-23 21:00:00',3,'YMCA','B',1,1,'2018-01-05 13:51:00','2017-10-26 17:45:58'),
(346,5,6,-1,'2017-11-23 21:00:00',3,'YMCA','C',1,1,'2018-01-06 13:51:00','2018-01-06 13:51:00'),
(347,7,8,-1,'2017-11-23 21:00:00',3,'YMCA','D',1,1,'2018-01-07 13:51:00','2018-01-07 13:51:00'),
(348,1,2,1,'2017-11-30 20:00:00',2,'YMCA','A',1,1,'0000-00-00 00:00:00','0000-00-00 00:00:00'),
(349,3,4,3,'2017-11-30 20:00:00',2,'YMCA','B',1,1,'0000-00-00 00:00:00','0000-00-00 00:00:00'),
(350,5,6,5,'2017-11-30 20:00:00',2,'YMCA','C',1,1,'0000-00-00 00:00:00','0000-00-00 00:00:00'),
(351,7,8,7,'2017-11-30 20:00:00',2,'YMCA','D',1,1,'0000-00-00 00:00:00','2017-11-10 22:52:54'),
(353,1,3,3,'2017-11-30 21:00:00',1,'YMCA','A',1,2,'2017-10-16 13:51:00','2017-10-16 13:51:00'),
(354,6,8,6,'2017-11-30 21:00:00',1,'YMCA','B',1,2,'2017-10-17 13:51:00','2017-10-17 13:51:00'),
(355,2,4,2,'2017-11-30 21:00:00',1,'YMCA','C',1,2,'2017-10-18 13:51:00','2017-10-18 13:51:00'),
(356,5,7,7,'2017-11-30 21:00:00',1,'YMCA','D',1,2,'2017-10-19 13:51:00','2017-10-19 13:51:00'),
(357,1,6,6,'2017-12-07 20:00:00',1,'YMCA','A',1,2,'2017-10-20 13:51:00','2017-10-20 13:51:00'),
(358,3,8,3,'2017-12-07 20:00:00',1,'YMCA','B',1,2,'2017-10-21 13:51:00','2017-10-21 13:51:00'),
(359,2,5,5,'2017-12-07 20:00:00',1,'YMCA','C',1,2,'2017-10-22 13:51:00','2017-10-22 13:51:00'),
(360,4,7,4,'2017-12-07 20:00:00',1,'YMCA','D',1,2,'2017-10-23 13:51:00','2017-10-23 13:51:00'),
(361,1,4,4,'2017-12-07 21:00:00',1,'YMCA','A',1,2,'2017-10-24 13:51:00','2017-10-24 13:51:00'),
(362,5,8,5,'2017-12-07 21:00:00',1,'YMCA','B',1,2,'2017-10-25 13:51:00','2017-10-25 13:51:00'),
(363,2,3,3,'2017-12-07 21:00:00',1,'YMCA','C',1,2,'2017-10-26 13:51:00','2017-10-26 13:51:00'),
(364,6,7,7,'2017-12-07 21:00:00',1,'YMCA','D',1,2,'2017-10-27 13:51:00','2017-10-27 13:51:00'),
(365,1,5,1,'2017-12-14 20:00:00',1,'YMCA','A',1,2,'2017-10-28 13:51:00','2017-10-28 13:51:00'),
(366,4,8,4,'2017-12-14 20:00:00',1,'YMCA','B',1,2,'2017-10-29 13:51:00','2017-10-29 13:51:00'),
(367,2,6,2,'2017-12-14 20:00:00',1,'YMCA','C',1,2,'2017-10-30 13:51:00','2017-10-30 13:51:00'),
(368,3,7,3,'2017-12-14 20:00:00',1,'YMCA','D',1,2,'2017-10-31 13:51:00','2017-10-31 13:51:00'),
(369,1,8,1,'2017-12-14 21:00:00',1,'YMCA','A',1,2,'2017-11-01 13:51:00','2017-11-01 13:51:00'),
(370,2,7,2,'2017-12-14 21:00:00',1,'YMCA','B',1,2,'2017-11-02 13:51:00','2017-11-02 13:51:00'),
(371,3,5,3,'2017-12-14 21:00:00',1,'YMCA','C',1,2,'2017-11-03 13:51:00','2017-11-03 13:51:00'),
(372,4,6,6,'2017-12-14 21:00:00',1,'YMCA','D',1,2,'2017-11-04 13:51:00','2017-11-04 13:51:00'),
(373,1,7,1,'2017-12-21 20:00:00',1,'YMCA','A',1,2,'2017-11-05 13:51:00','2017-11-05 13:51:00'),
(374,2,8,2,'2017-12-21 20:00:00',1,'YMCA','B',1,2,'2017-11-06 13:51:00','2017-11-06 13:51:00'),
(375,3,6,3,'2017-12-21 20:00:00',1,'YMCA','C',1,2,'2017-11-07 13:51:00','2017-11-07 13:51:00'),
(376,4,5,4,'2017-12-21 20:00:00',1,'YMCA','D',1,2,'2017-11-08 13:51:00','2017-11-08 13:51:00'),
(377,1,2,2,'2017-12-21 21:00:00',1,'YMCA','A',1,2,'2017-11-09 13:51:00','2017-11-09 13:51:00'),
(378,3,4,3,'2017-12-21 21:00:00',1,'YMCA','B',1,2,'2017-11-10 13:51:00','2017-11-10 13:51:00'),
(379,5,6,5,'2017-12-21 21:00:00',1,'YMCA','C',1,2,'2017-11-11 13:51:00','2017-11-11 13:51:00'),
(380,7,8,7,'2017-12-21 21:00:00',1,'YMCA','D',1,2,'2017-11-12 13:51:00','2017-11-12 13:51:00'),
(381,1,3,0,'2017-12-28 20:00:00',2,'YMCA','A',1,2,'2017-11-13 13:51:00','2017-11-13 13:51:00'),
(382,6,8,6,'2017-12-28 20:00:00',2,'YMCA','B',1,2,'2017-11-14 13:51:00','2017-11-14 13:51:00'),
(383,2,4,2,'2017-12-28 20:00:00',2,'YMCA','C',1,2,'2017-11-15 13:51:00','2017-11-15 13:51:00'),
(384,5,7,5,'2017-12-28 20:00:00',2,'YMCA','D',1,2,'2017-11-16 13:51:00','2017-11-16 13:51:00'),
(385,1,6,6,'2017-12-28 21:00:00',2,'YMCA','A',1,2,'2017-11-17 13:51:00','2017-11-17 13:51:00'),
(386,3,8,8,'2017-12-28 21:00:00',2,'YMCA','B',1,2,'2017-11-18 13:51:00','2017-11-18 13:51:00'),
(387,2,5,2,'2017-12-28 21:00:00',2,'YMCA','C',1,2,'2017-11-19 13:51:00','2017-11-19 13:51:00'),
(388,4,7,7,'2017-12-28 21:00:00',2,'YMCA','D',1,2,'2017-11-20 13:51:00','2017-11-20 13:51:00'),
(389,1,4,0,'2018-01-04 20:00:00',2,'YMCA','A',1,2,'2017-11-21 13:51:00','2017-11-21 13:51:00'),
(390,5,8,8,'2018-01-04 20:00:00',2,'YMCA','B',1,2,'2017-11-22 13:51:00','2017-11-22 13:51:00'),
(391,2,3,2,'2018-01-04 20:00:00',2,'YMCA','C',1,2,'2017-11-23 13:51:00','2017-11-23 13:51:00'),
(392,6,7,6,'2018-01-04 20:00:00',2,'YMCA','D',1,2,'2017-11-24 13:51:00','2017-11-24 13:51:00'),
(393,1,5,5,'2018-01-04 21:00:00',2,'YMCA','A',1,2,'2017-11-25 13:51:00','2017-11-25 13:51:00'),
(394,4,8,8,'2018-01-04 21:00:00',2,'YMCA','B',1,2,'2017-11-26 13:51:00','2017-11-26 13:51:00'),
(395,2,6,6,'2018-01-04 21:00:00',2,'YMCA','C',1,2,'2017-11-27 13:51:00','2017-11-27 13:51:00'),
(396,3,7,0,'2018-01-04 21:00:00',2,'YMCA','D',1,2,'2017-11-28 13:51:00','2017-11-28 13:51:00'),
(397,1,8,1,'2018-01-11 20:00:00',2,'YMCA','A',1,2,'2017-11-29 13:51:00','2017-11-29 13:51:00'),
(398,2,7,7,'2018-01-11 20:00:00',2,'YMCA','B',1,2,'2017-11-30 13:51:00','2017-11-30 13:51:00'),
(399,3,5,3,'2018-01-11 20:00:00',2,'YMCA','C',1,2,'2017-12-01 13:51:00','2017-12-01 13:51:00'),
(400,4,6,6,'2018-01-11 20:00:00',2,'YMCA','D',1,2,'2017-12-02 13:51:00','2017-12-02 13:51:00'),
(401,1,7,7,'2018-01-11 21:00:00',2,'YMCA','A',1,2,'2017-12-03 13:51:00','2017-12-03 13:51:00'),
(402,2,8,2,'2018-01-11 21:00:00',2,'YMCA','B',1,2,'2017-12-04 13:51:00','2017-12-04 13:51:00'),
(403,3,6,6,'2018-01-11 21:00:00',2,'YMCA','C',1,2,'2017-12-05 13:51:00','2017-12-05 13:51:00'),
(404,4,5,0,'2018-01-11 21:00:00',2,'YMCA','D',1,2,'2017-12-06 13:51:00','2017-12-06 13:51:00'),
(405,1,2,2,'2018-01-18 20:00:00',2,'YMCA','A',1,2,'2017-12-07 13:51:00','2017-12-07 13:51:00'),
(406,3,4,0,'2018-01-18 20:00:00',2,'YMCA','B',1,2,'2017-12-08 13:51:00','2017-12-08 13:51:00'),
(407,5,6,5,'2018-01-18 20:00:00',2,'YMCA','C',1,2,'2017-12-09 13:51:00','2017-12-09 13:51:00'),
(408,7,8,8,'2018-01-18 20:00:00',2,'YMCA','D',1,2,'2017-12-10 13:51:00','2017-12-10 13:51:00'),
(409,1,3,-1,'2018-01-18 21:00:00',3,'YMCA','A',1,2,'2017-12-11 13:51:00','2017-12-11 13:51:00'),
(410,6,8,-1,'2018-01-18 21:00:00',3,'YMCA','B',1,2,'2017-12-12 13:51:00','2017-12-12 13:51:00'),
(411,2,4,-1,'2018-01-18 21:00:00',3,'YMCA','C',1,2,'2017-12-13 13:51:00','2017-12-13 13:51:00'),
(412,5,7,-1,'2018-01-18 21:00:00',3,'YMCA','D',1,2,'2017-12-14 13:51:00','2017-12-14 13:51:00'),
(413,1,6,-1,'2018-01-25 20:00:00',3,'YMCA','A',1,2,'2017-12-15 13:51:00','2017-12-15 13:51:00'),
(414,3,8,-1,'2018-01-25 20:00:00',3,'YMCA','B',1,2,'2017-12-16 13:51:00','2017-12-16 13:51:00'),
(415,2,5,-1,'2018-01-25 20:00:00',3,'YMCA','C',1,2,'2017-12-17 13:51:00','2017-12-17 13:51:00'),
(416,4,7,-1,'2018-01-25 20:00:00',3,'YMCA','D',1,2,'2017-12-18 13:51:00','2017-12-18 13:51:00'),
(417,1,4,-1,'2018-01-25 21:00:00',3,'YMCA','A',1,2,'2017-12-19 13:51:00','2017-12-19 13:51:00'),
(418,5,8,-1,'2018-01-25 21:00:00',3,'YMCA','B',1,2,'2017-12-20 13:51:00','2017-12-20 13:51:00'),
(419,2,3,-1,'2018-01-25 21:00:00',3,'YMCA','C',1,2,'2017-12-21 13:51:00','2017-12-21 13:51:00'),
(420,6,7,-1,'2018-01-25 21:00:00',3,'YMCA','D',1,2,'2017-12-22 13:51:00','2017-12-22 13:51:00'),
(421,1,5,-1,'2018-02-01 20:00:00',3,'YMCA','A',1,2,'2017-12-23 13:51:00','2017-12-23 13:51:00'),
(422,4,8,-1,'2018-02-01 20:00:00',3,'YMCA','B',1,2,'2017-12-24 13:51:00','2017-12-24 13:51:00'),
(423,2,6,-1,'2018-02-01 20:00:00',3,'YMCA','C',1,2,'2017-12-25 13:51:00','2017-12-25 13:51:00'),
(424,3,7,-1,'2018-02-01 20:00:00',3,'YMCA','D',1,2,'2017-12-26 13:51:00','2017-12-26 13:51:00'),
(425,1,8,-1,'2018-02-01 21:00:00',3,'YMCA','A',1,2,'2017-12-27 13:51:00','2017-12-27 13:51:00'),
(426,2,7,-1,'2018-02-01 21:00:00',3,'YMCA','B',1,2,'2017-12-28 13:51:00','2017-12-28 13:51:00'),
(427,3,5,-1,'2018-02-01 21:00:00',3,'YMCA','C',1,2,'2017-12-29 13:51:00','2017-12-29 13:51:00'),
(428,4,6,-1,'2018-02-01 21:00:00',3,'YMCA','D',1,2,'2017-12-30 13:51:00','2017-12-30 13:51:00'),
(429,1,7,-1,'2018-02-08 20:00:00',3,'YMCA','A',1,2,'2017-12-31 13:51:00','2017-12-31 13:51:00'),
(430,2,8,-1,'2018-02-08 20:00:00',3,'YMCA','B',1,2,'2018-01-01 13:51:00','2018-01-01 13:51:00'),
(431,3,6,-1,'2018-02-08 20:00:00',3,'YMCA','C',1,2,'2018-01-02 13:51:00','2018-01-02 13:51:00'),
(432,4,5,-1,'2018-02-08 20:00:00',3,'YMCA','D',1,2,'2018-01-03 13:51:00','2018-01-03 13:51:00'),
(433,1,2,-1,'2018-02-08 21:00:00',3,'YMCA','A',1,2,'2018-01-04 13:51:00','2018-01-04 13:51:00'),
(434,3,4,-1,'2018-02-08 21:00:00',3,'YMCA','B',1,2,'2018-01-05 13:51:00','2018-01-05 13:51:00'),
(435,5,6,-1,'2018-02-08 21:00:00',3,'YMCA','C',1,2,'2018-01-06 13:51:00','2018-01-06 13:51:00'),
(436,7,8,-1,'2018-02-08 21:00:00',3,'YMCA','D',1,2,'2018-01-07 13:51:00','2018-01-07 13:51:00'),
(480,1,3,1,'2018-02-15 20:00:00',1,'YMCA','A',1,3,'2017-10-16 13:51:00','2017-10-16 13:51:00'),
(481,6,8,8,'2018-02-15 20:00:00',1,'YMCA','B',1,3,'2017-10-17 13:51:00','2017-10-17 13:51:00'),
(482,2,4,2,'2018-02-15 20:00:00',1,'YMCA','C',1,3,'2017-10-18 13:51:00','2017-10-18 13:51:00'),
(483,5,7,5,'2018-02-15 20:00:00',1,'YMCA','D',1,3,'2017-10-19 13:51:00','2017-10-19 13:51:00'),
(484,1,6,1,'2018-02-15 21:00:00',1,'YMCA','A',1,3,'2017-10-20 13:51:00','2017-10-20 13:51:00'),
(485,3,8,3,'2018-02-15 21:00:00',1,'YMCA','B',1,3,'2017-10-21 13:51:00','2017-10-21 13:51:00'),
(486,2,5,2,'2018-02-15 21:00:00',1,'YMCA','C',1,3,'2017-10-22 13:51:00','2017-10-22 13:51:00'),
(487,4,7,4,'2018-02-15 21:00:00',1,'YMCA','D',1,3,'2017-10-23 13:51:00','2017-10-23 13:51:00'),
(488,1,4,1,'2018-02-22 20:00:00',1,'YMCA','A',1,3,'2017-10-24 13:51:00','2017-10-24 13:51:00'),
(489,5,8,5,'2018-02-22 20:00:00',1,'YMCA','B',1,3,'2017-10-25 13:51:00','2017-10-25 13:51:00'),
(490,2,3,2,'2018-02-22 20:00:00',1,'YMCA','C',1,3,'2017-10-26 13:51:00','2017-10-26 13:51:00'),
(491,6,7,6,'2018-02-22 20:00:00',1,'YMCA','D',1,3,'2017-10-27 13:51:00','2017-10-27 13:51:00'),
(492,1,5,1,'2018-02-22 21:00:00',1,'YMCA','A',1,3,'2017-10-28 13:51:00','2017-10-28 13:51:00'),
(493,4,8,8,'2018-02-22 21:00:00',1,'YMCA','B',1,3,'2017-10-29 13:51:00','2017-10-29 13:51:00'),
(494,2,6,2,'2018-02-22 21:00:00',1,'YMCA','C',1,3,'2017-10-30 13:51:00','2017-10-30 13:51:00'),
(495,3,7,3,'2018-02-22 21:00:00',1,'YMCA','D',1,3,'2017-10-31 13:51:00','2017-10-31 13:51:00'),
(496,1,8,1,'2018-03-01 20:00:00',1,'YMCA','A',1,3,'2017-11-01 13:51:00','2017-11-01 13:51:00'),
(497,2,7,2,'2018-03-01 20:00:00',1,'YMCA','B',1,3,'2017-11-02 13:51:00','2017-11-02 13:51:00'),
(498,3,5,3,'2018-03-01 20:00:00',1,'YMCA','C',1,3,'2017-11-03 13:51:00','2017-11-03 13:51:00'),
(499,4,6,4,'2018-03-01 20:00:00',1,'YMCA','D',1,3,'2017-11-04 13:51:00','2017-11-04 13:51:00'),
(500,1,7,1,'2018-03-01 21:00:00',1,'YMCA','A',1,3,'2017-11-05 13:51:00','2017-11-05 13:51:00'),
(501,2,8,2,'2018-03-01 21:00:00',1,'YMCA','B',1,3,'2017-11-06 13:51:00','2017-11-06 13:51:00'),
(502,3,6,3,'2018-03-01 21:00:00',1,'YMCA','C',1,3,'2017-11-07 13:51:00','2017-11-07 13:51:00'),
(503,4,5,5,'2018-03-01 21:00:00',1,'YMCA','D',1,3,'2017-11-08 13:51:00','2017-11-08 13:51:00'),
(504,1,2,2,'2018-03-08 20:00:00',1,'YMCA','A',1,3,'2017-11-09 13:51:00','2017-11-09 13:51:00'),
(505,3,4,3,'2018-03-08 20:00:00',1,'YMCA','B',1,3,'2017-11-10 13:51:00','2017-11-10 13:51:00'),
(506,5,6,5,'2018-03-08 20:00:00',1,'YMCA','C',1,3,'2017-11-11 13:51:00','2017-11-11 13:51:00'),
(507,7,8,8,'2018-03-08 20:00:00',1,'YMCA','D',1,3,'2017-11-12 13:51:00','2017-11-12 13:51:00'),
(508,1,3,1,'2018-03-08 21:00:00',2,'YMCA','A',1,3,'2017-11-13 13:51:00','2017-11-13 13:51:00'),
(509,6,8,6,'2018-03-08 21:00:00',2,'YMCA','B',1,3,'2017-11-14 13:51:00','2017-11-14 13:51:00'),
(510,2,4,2,'2018-03-08 21:00:00',2,'YMCA','C',1,3,'2017-11-15 13:51:00','2017-11-15 13:51:00'),
(511,5,7,7,'2018-03-08 21:00:00',2,'YMCA','D',1,3,'2017-11-16 13:51:00','2017-11-16 13:51:00'),
(512,1,6,6,'2018-03-15 20:00:00',2,'YMCA','A',1,3,'2017-11-17 13:51:00','2017-11-17 13:51:00'),
(513,3,8,8,'2018-03-15 20:00:00',2,'YMCA','B',1,3,'2017-11-18 13:51:00','2017-11-18 13:51:00'),
(514,2,5,2,'2018-03-15 20:00:00',2,'YMCA','C',1,3,'2017-11-19 13:51:00','2017-11-19 13:51:00'),
(515,4,7,7,'2018-03-15 20:00:00',2,'YMCA','D',1,3,'2017-11-20 13:51:00','2017-11-20 13:51:00'),
(516,1,4,1,'2018-03-15 21:00:00',2,'YMCA','A',1,3,'2017-11-21 13:51:00','2017-11-21 13:51:00'),
(517,5,8,8,'2018-03-15 21:00:00',2,'YMCA','B',1,3,'2017-11-22 13:51:00','2017-11-22 13:51:00'),
(518,2,3,2,'2018-03-15 21:00:00',2,'YMCA','C',1,3,'2017-11-23 13:51:00','2017-11-23 13:51:00'),
(519,6,7,7,'2018-03-15 21:00:00',2,'YMCA','D',1,3,'2017-11-24 13:51:00','2017-11-24 13:51:00'),
(520,1,5,1,'2018-03-22 20:00:00',2,'YMCA','A',1,3,'2017-11-25 13:51:00','2017-11-25 13:51:00'),
(521,4,8,4,'2018-03-22 20:00:00',2,'YMCA','B',1,3,'2017-11-26 13:51:00','2017-11-26 13:51:00'),
(522,2,6,6,'2018-03-22 20:00:00',2,'YMCA','C',1,3,'2017-11-27 13:51:00','2017-11-27 13:51:00'),
(523,3,7,7,'2018-03-22 20:00:00',2,'YMCA','D',1,3,'2017-11-28 13:51:00','2017-11-28 13:51:00'),
(524,1,8,8,'2018-03-22 21:00:00',2,'YMCA','A',1,3,'2017-11-29 13:51:00','2017-11-29 13:51:00'),
(525,2,7,7,'2018-03-22 21:00:00',2,'YMCA','B',1,3,'2017-11-30 13:51:00','2017-11-30 13:51:00'),
(526,3,5,3,'2018-03-22 21:00:00',2,'YMCA','C',1,3,'2017-12-01 13:51:00','2017-12-01 13:51:00'),
(527,4,6,4,'2018-03-22 21:00:00',2,'YMCA','D',1,3,'2017-12-02 13:51:00','2017-12-02 13:51:00'),
(528,1,7,7,'2018-03-29 20:00:00',2,'YMCA','A',1,3,'2017-12-03 13:51:00','2017-12-03 13:51:00'),
(529,2,8,2,'2018-03-29 20:00:00',2,'YMCA','B',1,3,'2017-12-04 13:51:00','2017-12-04 13:51:00'),
(530,3,6,6,'2018-03-29 20:00:00',2,'YMCA','C',1,3,'2017-12-05 13:51:00','2017-12-05 13:51:00'),
(531,4,5,4,'2018-03-29 20:00:00',2,'YMCA','D',1,3,'2017-12-06 13:51:00','2017-12-06 13:51:00'),
(532,1,2,1,'2018-03-29 21:00:00',2,'YMCA','A',1,3,'2017-12-07 13:51:00','2017-12-07 13:51:00'),
(533,3,4,4,'2018-03-29 21:00:00',2,'YMCA','B',1,3,'2017-12-08 13:51:00','2017-12-08 13:51:00'),
(534,5,6,6,'2018-03-29 21:00:00',2,'YMCA','C',1,3,'2017-12-09 13:51:00','2017-12-09 13:51:00'),
(535,7,8,7,'2018-03-29 21:00:00',2,'YMCA','D',1,3,'2017-12-10 13:51:00','2017-12-10 13:51:00'),
(536,1,3,-1,'2018-04-05 20:00:00',3,'YMCA','A',1,3,'2017-12-11 13:51:00','2017-12-11 13:51:00'),
(537,6,8,-1,'2018-04-05 20:00:00',3,'YMCA','B',1,3,'2017-12-12 13:51:00','2017-12-12 13:51:00'),
(538,2,4,-1,'2018-04-05 20:00:00',3,'YMCA','C',1,3,'2017-12-13 13:51:00','2017-12-13 13:51:00'),
(539,5,7,-1,'2018-04-05 20:00:00',3,'YMCA','D',1,3,'2017-12-14 13:51:00','2017-12-14 13:51:00'),
(540,1,6,-1,'2018-04-05 21:00:00',3,'YMCA','A',1,3,'2017-12-15 13:51:00','2017-12-15 13:51:00'),
(541,3,8,-1,'2018-04-05 21:00:00',3,'YMCA','B',1,3,'2017-12-16 13:51:00','2017-12-16 13:51:00'),
(542,2,5,-1,'2018-04-05 21:00:00',3,'YMCA','C',1,3,'2017-12-17 13:51:00','2017-12-17 13:51:00'),
(543,4,7,-1,'2018-04-05 21:00:00',3,'YMCA','D',1,3,'2017-12-18 13:51:00','2017-12-18 13:51:00'),
(544,1,4,-1,'2018-04-12 20:00:00',3,'YMCA','A',1,3,'2017-12-19 13:51:00','2017-12-19 13:51:00'),
(545,5,8,-1,'2018-04-12 20:00:00',3,'YMCA','B',1,3,'2017-12-20 13:51:00','2017-12-20 13:51:00'),
(546,2,3,-1,'2018-04-12 20:00:00',3,'YMCA','C',1,3,'2017-12-21 13:51:00','2017-12-21 13:51:00'),
(547,6,7,-1,'2018-04-12 20:00:00',3,'YMCA','D',1,3,'2017-12-22 13:51:00','2017-12-22 13:51:00'),
(548,1,5,-1,'2018-04-12 21:00:00',3,'YMCA','A',1,3,'2017-12-23 13:51:00','2017-12-23 13:51:00'),
(549,4,8,-1,'2018-04-12 21:00:00',3,'YMCA','B',1,3,'2017-12-24 13:51:00','2017-12-24 13:51:00'),
(550,2,6,-1,'2018-04-12 21:00:00',3,'YMCA','C',1,3,'2017-12-25 13:51:00','2017-12-25 13:51:00'),
(551,3,7,-1,'2018-04-12 21:00:00',3,'YMCA','D',1,3,'2017-12-26 13:51:00','2017-12-26 13:51:00'),
(552,1,8,-1,'2018-04-19 20:00:00',3,'YMCA','A',1,3,'2017-12-27 13:51:00','2017-12-27 13:51:00'),
(553,2,7,-1,'2018-04-19 20:00:00',3,'YMCA','B',1,3,'2017-12-28 13:51:00','2017-12-28 13:51:00'),
(554,3,5,-1,'2018-04-19 20:00:00',3,'YMCA','C',1,3,'2017-12-29 13:51:00','2017-12-29 13:51:00'),
(555,4,6,-1,'2018-04-19 20:00:00',3,'YMCA','D',1,3,'2017-12-30 13:51:00','2017-12-30 13:51:00'),
(556,1,7,-1,'2018-04-19 21:00:00',3,'YMCA','A',1,3,'2017-12-31 13:51:00','2017-12-31 13:51:00'),
(557,2,8,-1,'2018-04-19 21:00:00',3,'YMCA','B',1,3,'2018-01-01 13:51:00','2018-01-01 13:51:00'),
(558,3,6,-1,'2018-04-19 21:00:00',3,'YMCA','C',1,3,'2018-01-02 13:51:00','2018-01-02 13:51:00'),
(559,4,5,-1,'2018-04-19 21:00:00',3,'YMCA','D',1,3,'2018-01-03 13:51:00','2018-01-03 13:51:00'),
(560,1,2,-1,'2018-04-26 20:00:00',3,'YMCA','A',1,3,'2018-01-04 13:51:00','2018-01-04 13:51:00'),
(561,3,4,-1,'2018-04-26 20:00:00',3,'YMCA','B',1,3,'2018-01-05 13:51:00','2018-01-05 13:51:00'),
(562,5,6,-1,'2018-04-26 20:00:00',3,'YMCA','C',1,3,'2018-01-06 13:51:00','2018-01-06 13:51:00'),
(563,7,8,-1,'2018-04-26 20:00:00',3,'YMCA','D',1,3,'2018-01-07 13:51:00','2018-01-07 13:51:00'),
(607,1,3,1,'2018-04-26 21:00:00',1,'YMCA','A',1,4,'2017-10-16 13:51:00','2017-10-16 13:51:00'),
(608,6,8,8,'2018-04-26 21:00:00',1,'YMCA','B',1,4,'2017-10-17 13:51:00','2017-10-17 13:51:00'),
(609,2,4,2,'2018-04-26 21:00:00',1,'YMCA','C',1,4,'2017-10-18 13:51:00','2017-10-18 13:51:00'),
(610,5,7,5,'2018-04-26 21:00:00',1,'YMCA','D',1,4,'2017-10-19 13:51:00','2017-10-19 13:51:00'),
(611,1,6,1,'2018-05-03 20:00:00',1,'YMCA','A',1,4,'2017-10-20 13:51:00','2017-10-20 13:51:00'),
(612,3,8,3,'2018-05-03 20:00:00',1,'YMCA','B',1,4,'2017-10-21 13:51:00','2017-10-21 13:51:00'),
(613,2,5,5,'2018-05-03 20:00:00',1,'YMCA','C',1,4,'2017-10-22 13:51:00','2017-10-22 13:51:00'),
(614,4,7,4,'2018-05-03 20:00:00',1,'YMCA','D',1,4,'2017-10-23 13:51:00','2017-10-23 13:51:00'),
(615,1,4,1,'2018-05-03 21:00:00',1,'YMCA','A',1,4,'2017-10-24 13:51:00','2017-10-24 13:51:00'),
(616,5,8,5,'2018-05-03 21:00:00',1,'YMCA','B',1,4,'2017-10-25 13:51:00','2017-10-25 13:51:00'),
(617,2,3,2,'2018-05-03 21:00:00',1,'YMCA','C',1,4,'2017-10-26 13:51:00','2017-10-26 13:51:00'),
(618,6,7,7,'2018-05-03 21:00:00',1,'YMCA','D',1,4,'2017-10-27 13:51:00','2017-10-27 13:51:00'),
(619,1,5,5,'2018-05-10 20:00:00',1,'YMCA','A',1,4,'2017-10-28 13:51:00','2017-10-28 13:51:00'),
(620,4,8,8,'2018-05-10 20:00:00',1,'YMCA','B',1,4,'2017-10-29 13:51:00','2017-10-29 13:51:00'),
(621,2,6,2,'2018-05-10 20:00:00',1,'YMCA','C',1,4,'2017-10-30 13:51:00','2017-10-30 13:51:00'),
(622,3,7,3,'2018-05-10 20:00:00',1,'YMCA','D',1,4,'2017-10-31 13:51:00','2017-10-31 13:51:00'),
(623,1,8,1,'2018-05-10 21:00:00',1,'YMCA','A',1,4,'2017-11-01 13:51:00','2017-11-01 13:51:00'),
(624,2,7,2,'2018-05-10 21:00:00',1,'YMCA','B',1,4,'2017-11-02 13:51:00','2017-11-02 13:51:00'),
(625,3,5,5,'2018-05-10 21:00:00',1,'YMCA','C',1,4,'2017-11-03 13:51:00','2017-11-03 13:51:00'),
(626,4,6,4,'2018-05-10 21:00:00',1,'YMCA','D',1,4,'2017-11-04 13:51:00','2017-11-04 13:51:00'),
(627,1,7,1,'2018-05-17 20:00:00',1,'YMCA','A',1,4,'2017-11-05 13:51:00','2017-11-05 13:51:00'),
(628,2,8,2,'2018-05-17 20:00:00',1,'YMCA','B',1,4,'2017-11-06 13:51:00','2017-11-06 13:51:00'),
(629,3,6,3,'2018-05-17 20:00:00',1,'YMCA','C',1,4,'2017-11-07 13:51:00','2017-11-07 13:51:00'),
(630,4,5,5,'2018-05-17 20:00:00',1,'YMCA','D',1,4,'2017-11-08 13:51:00','2017-11-08 13:51:00'),
(631,1,2,2,'2018-05-17 21:00:00',1,'YMCA','A',1,4,'2017-11-09 13:51:00','2017-11-09 13:51:00'),
(632,3,4,3,'2018-05-17 21:00:00',1,'YMCA','B',1,4,'2017-11-10 13:51:00','2017-11-10 13:51:00'),
(633,5,6,5,'2018-05-17 21:00:00',1,'YMCA','C',1,4,'2017-11-11 13:51:00','2017-11-11 13:51:00'),
(634,7,8,8,'2018-05-17 21:00:00',1,'YMCA','D',1,4,'2017-11-12 13:51:00','2017-11-12 13:51:00'),
(635,1,3,1,'2018-05-24 20:00:00',2,'YMCA','A',1,4,'2017-11-13 13:51:00','2017-11-13 13:51:00'),
(636,6,8,6,'2018-05-24 20:00:00',2,'YMCA','B',1,4,'2017-11-14 13:51:00','2017-11-14 13:51:00'),
(637,2,4,2,'2018-05-24 20:00:00',2,'YMCA','C',1,4,'2017-11-15 13:51:00','2017-11-15 13:51:00'),
(638,5,7,5,'2018-05-24 20:00:00',2,'YMCA','D',1,4,'2017-11-16 13:51:00','2017-11-16 13:51:00'),
(639,1,6,1,'2018-05-24 21:00:00',2,'YMCA','A',1,4,'2017-11-17 13:51:00','2017-11-17 13:51:00'),
(640,3,8,8,'2018-05-24 21:00:00',2,'YMCA','B',1,4,'2017-11-18 13:51:00','2017-11-18 13:51:00'),
(641,2,5,5,'2018-05-24 21:00:00',2,'YMCA','C',1,4,'2017-11-19 13:51:00','2017-11-19 13:51:00'),
(642,4,7,4,'2018-05-24 21:00:00',2,'YMCA','D',1,4,'2017-11-20 13:51:00','2017-11-20 13:51:00'),
(643,1,4,1,'2018-05-31 20:00:00',2,'YMCA','A',1,4,'2017-11-21 13:51:00','2017-11-21 13:51:00'),
(644,5,8,5,'2018-05-31 20:00:00',2,'YMCA','B',1,4,'2017-11-22 13:51:00','2017-11-22 13:51:00'),
(645,2,3,2,'2018-05-31 20:00:00',2,'YMCA','C',1,4,'2017-11-23 13:51:00','2017-11-23 13:51:00'),
(646,6,7,6,'2018-05-31 20:00:00',2,'YMCA','D',1,4,'2017-11-24 13:51:00','2017-11-24 13:51:00'),
(647,1,5,5,'2018-05-31 21:00:00',2,'YMCA','A',1,4,'2017-11-25 13:51:00','2017-11-25 13:51:00'),
(648,4,8,4,'2018-05-31 21:00:00',2,'YMCA','B',1,4,'2017-11-26 13:51:00','2017-11-26 13:51:00'),
(649,2,6,2,'2018-05-31 21:00:00',2,'YMCA','C',1,4,'2017-11-27 13:51:00','2017-11-27 13:51:00'),
(650,3,7,3,'2018-05-31 21:00:00',2,'YMCA','D',1,4,'2017-11-28 13:51:00','2017-11-28 13:51:00'),
(651,1,8,1,'2018-06-07 20:00:00',2,'YMCA','A',1,4,'2017-11-29 13:51:00','2017-11-29 13:51:00'),
(652,2,7,2,'2018-06-07 20:00:00',2,'YMCA','B',1,4,'2017-11-30 13:51:00','2017-11-30 13:51:00'),
(653,3,5,5,'2018-06-07 20:00:00',2,'YMCA','C',1,4,'2017-12-01 13:51:00','2017-12-01 13:51:00'),
(654,4,6,6,'2018-06-07 20:00:00',2,'YMCA','D',1,4,'2017-12-02 13:51:00','2017-12-02 13:51:00'),
(655,1,7,1,'2018-06-07 21:00:00',2,'YMCA','A',1,4,'2017-12-03 13:51:00','2017-12-03 13:51:00'),
(656,2,8,2,'2018-06-07 21:00:00',2,'YMCA','B',1,4,'2017-12-04 13:51:00','2017-12-04 13:51:00'),
(657,3,6,6,'2018-06-07 21:00:00',2,'YMCA','C',1,4,'2017-12-05 13:51:00','2017-12-05 13:51:00'),
(658,4,5,5,'2018-06-07 21:00:00',2,'YMCA','D',1,4,'2017-12-06 13:51:00','2017-12-06 13:51:00'),
(659,1,2,1,'2018-06-14 20:00:00',2,'YMCA','A',1,4,'2017-12-07 13:51:00','2017-12-07 13:51:00'),
(660,3,4,4,'2018-06-14 20:00:00',2,'YMCA','B',1,4,'2017-12-08 13:51:00','2017-12-08 13:51:00'),
(661,5,6,6,'2018-06-14 20:00:00',2,'YMCA','C',1,4,'2017-12-09 13:51:00','2017-12-09 13:51:00'),
(662,7,8,7,'2018-06-14 20:00:00',2,'YMCA','D',1,4,'2017-12-10 13:51:00','2017-12-10 13:51:00'),
(663,1,3,-1,'2018-06-14 21:00:00',3,'YMCA','A',1,4,'2017-12-11 13:51:00','2017-12-11 13:51:00'),
(664,6,8,-1,'2018-06-14 21:00:00',3,'YMCA','B',1,4,'2017-12-12 13:51:00','2017-12-12 13:51:00'),
(665,2,4,-1,'2018-06-14 21:00:00',3,'YMCA','C',1,4,'2017-12-13 13:51:00','2017-12-13 13:51:00'),
(666,5,7,-1,'2018-06-14 21:00:00',3,'YMCA','D',1,4,'2017-12-14 13:51:00','2017-12-14 13:51:00'),
(667,1,6,-1,'2018-06-21 20:00:00',3,'YMCA','A',1,4,'2017-12-15 13:51:00','2017-12-15 13:51:00'),
(668,3,8,-1,'2018-06-21 20:00:00',3,'YMCA','B',1,4,'2017-12-16 13:51:00','2017-12-16 13:51:00'),
(669,2,5,-1,'2018-06-21 20:00:00',3,'YMCA','C',1,4,'2017-12-17 13:51:00','2017-12-17 13:51:00'),
(670,4,7,-1,'2018-06-21 20:00:00',3,'YMCA','D',1,4,'2017-12-18 13:51:00','2017-12-18 13:51:00'),
(671,1,4,-1,'2018-06-21 21:00:00',3,'YMCA','A',1,4,'2017-12-19 13:51:00','2017-12-19 13:51:00'),
(672,5,8,-1,'2018-06-21 21:00:00',3,'YMCA','B',1,4,'2017-12-20 13:51:00','2017-12-20 13:51:00'),
(673,2,3,-1,'2018-06-21 21:00:00',3,'YMCA','C',1,4,'2017-12-21 13:51:00','2017-12-21 13:51:00'),
(674,6,7,-1,'2018-06-21 21:00:00',3,'YMCA','D',1,4,'2017-12-22 13:51:00','2017-12-22 13:51:00'),
(675,1,5,-1,'2018-06-28 20:00:00',3,'YMCA','A',1,4,'2017-12-23 13:51:00','2017-12-23 13:51:00'),
(676,4,8,-1,'2018-06-28 20:00:00',3,'YMCA','B',1,4,'2017-12-24 13:51:00','2017-12-24 13:51:00'),
(677,2,6,-1,'2018-06-28 20:00:00',3,'YMCA','C',1,4,'2017-12-25 13:51:00','2017-12-25 13:51:00'),
(678,3,7,-1,'2018-06-28 20:00:00',3,'YMCA','D',1,4,'2017-12-26 13:51:00','2017-12-26 13:51:00'),
(679,1,8,-1,'2018-06-28 21:00:00',3,'YMCA','A',1,4,'2017-12-27 13:51:00','2017-12-27 13:51:00'),
(680,2,7,-1,'2018-06-28 21:00:00',3,'YMCA','B',1,4,'2017-12-28 13:51:00','2017-12-28 13:51:00'),
(681,3,5,-1,'2018-06-28 21:00:00',3,'YMCA','C',1,4,'2017-12-29 13:51:00','2017-12-29 13:51:00'),
(682,4,6,-1,'2018-06-28 21:00:00',3,'YMCA','D',1,4,'2017-12-30 13:51:00','2017-12-30 13:51:00'),
(683,1,7,-1,'2018-07-05 20:00:00',3,'YMCA','A',1,4,'2017-12-31 13:51:00','2017-12-31 13:51:00'),
(684,2,8,-1,'2018-07-05 20:00:00',3,'YMCA','B',1,4,'2018-01-01 13:51:00','2018-01-01 13:51:00'),
(685,3,6,-1,'2018-07-05 20:00:00',3,'YMCA','C',1,4,'2018-01-02 13:51:00','2018-01-02 13:51:00'),
(686,4,5,-1,'2018-07-05 20:00:00',3,'YMCA','D',1,4,'2018-01-03 13:51:00','2018-01-03 13:51:00'),
(687,1,2,-1,'2018-07-05 21:00:00',3,'YMCA','A',1,4,'2018-01-04 13:51:00','2018-01-04 13:51:00'),
(688,3,4,-1,'2018-07-05 21:00:00',3,'YMCA','B',1,4,'2018-01-05 13:51:00','2018-01-05 13:51:00'),
(689,5,6,-1,'2018-07-05 21:00:00',3,'YMCA','C',1,4,'2018-01-06 13:51:00','2018-01-06 13:51:00'),
(690,7,8,-1,'2018-07-05 21:00:00',3,'YMCA','D',1,4,'2018-01-07 13:51:00','2018-01-07 13:51:00');

/*Table structure for table `leagues` */

DROP TABLE IF EXISTS `leagues`;

CREATE TABLE `leagues` (
  `id` int(10) unsigned NOT NULL AUTO_INCREMENT,
  `league_name` varchar(191) COLLATE utf8mb4_unicode_ci NOT NULL,
  `created_at` timestamp NULL DEFAULT NULL,
  `updated_at` timestamp NULL DEFAULT NULL,
  PRIMARY KEY (`id`)
) ENGINE=InnoDB AUTO_INCREMENT=3 DEFAULT CHARSET=utf8mb4 COLLATE=utf8mb4_unicode_ci;

/*Data for the table `leagues` */

insert  into `leagues`(`id`,`league_name`,`created_at`,`updated_at`) values 
(1,'co-ed',NULL,NULL),
(2,'ladies',NULL,NULL);

/*Table structure for table `migrations` */

DROP TABLE IF EXISTS `migrations`;

CREATE TABLE `migrations` (
  `id` int(10) unsigned NOT NULL AUTO_INCREMENT,
  `migration` varchar(191) COLLATE utf8mb4_unicode_ci NOT NULL,
  `batch` int(11) NOT NULL,
  PRIMARY KEY (`id`)
) ENGINE=InnoDB AUTO_INCREMENT=11 DEFAULT CHARSET=utf8mb4 COLLATE=utf8mb4_unicode_ci;

/*Data for the table `migrations` */

insert  into `migrations`(`id`,`migration`,`batch`) values 
(1,'2017_09_27_031820_create_users_table',1),
(2,'2017_09_27_032446_create_teams_table',1),
(3,'2017_10_05_041918_create_games_table',1),
(4,'2017_10_05_044151_create_admins_table',1),
(5,'2017_10_12_100000_create_password_resets_table',1),
(6,'2017_10_12_185002_create_rounds_table',1),
(7,'2017_10_20_201504_create_standings_table',1),
(8,'2017_10_23_210825_create_round_results_table',1),
(9,'2017_11_13_200416_create_rosters_table',1),
(10,'2017_11_13_202453_create_leagues_table',1);

/*Table structure for table `password_resets` */

DROP TABLE IF EXISTS `password_resets`;

CREATE TABLE `password_resets` (
  `email` varchar(191) COLLATE utf8mb4_unicode_ci NOT NULL,
  `token` varchar(191) COLLATE utf8mb4_unicode_ci NOT NULL,
  `created_at` timestamp NOT NULL DEFAULT CURRENT_TIMESTAMP ON UPDATE CURRENT_TIMESTAMP,
  KEY `password_resets_email_index` (`email`),
  KEY `password_resets_token_index` (`token`)
) ENGINE=InnoDB DEFAULT CHARSET=utf8mb4 COLLATE=utf8mb4_unicode_ci;

/*Data for the table `password_resets` */

/*Table structure for table `players` */

DROP TABLE IF EXISTS `players`;

CREATE TABLE `players` (
  `id` int(10) unsigned NOT NULL AUTO_INCREMENT,
  `team_id` int(11) NOT NULL,
  `player_name` varchar(100) COLLATE utf8mb4_unicode_ci NOT NULL,
  `created_at` timestamp NULL DEFAULT NULL,
  `updated_at` timestamp NULL DEFAULT NULL,
  PRIMARY KEY (`id`)
) ENGINE=InnoDB AUTO_INCREMENT=8 DEFAULT CHARSET=utf8mb4 COLLATE=utf8mb4_unicode_ci;

/*Data for the table `players` */

insert  into `players`(`id`,`team_id`,`player_name`,`created_at`,`updated_at`) values 
(1,1,'Spencer Wallace',NULL,NULL),
(2,1,'Sterling Wallace',NULL,NULL),
(3,1,'Trevor Wallace',NULL,NULL),
(4,1,'Alannah ',NULL,NULL),
(5,1,'Kristin',NULL,NULL),
(6,1,'Shandelle',NULL,NULL),
(7,1,'Lyndsay',NULL,NULL);

/*Table structure for table `rosters` */

DROP TABLE IF EXISTS `rosters`;

CREATE TABLE `rosters` (
  `id` int(10) unsigned NOT NULL AUTO_INCREMENT,
  `created_at` timestamp NULL DEFAULT NULL,
  `updated_at` timestamp NULL DEFAULT NULL,
  PRIMARY KEY (`id`)
) ENGINE=InnoDB DEFAULT CHARSET=utf8mb4 COLLATE=utf8mb4_unicode_ci;

/*Data for the table `rosters` */

/*Table structure for table `round_results` */

DROP TABLE IF EXISTS `round_results`;

CREATE TABLE `round_results` (
  `id` int(10) unsigned NOT NULL AUTO_INCREMENT,
  `rounds_id` int(11) NOT NULL,
  `team_id` int(11) NOT NULL,
  `rank` int(11) NOT NULL,
  `tier` int(11) NOT NULL,
  `wins` int(11) NOT NULL DEFAULT '0',
  `loses` int(11) NOT NULL DEFAULT '0',
  `ties` int(11) NOT NULL DEFAULT '0',
  `end_rank` int(11) DEFAULT '0',
  `league_id` int(11) DEFAULT NULL,
  `created_at` timestamp NULL DEFAULT NULL,
  `updated_at` timestamp NULL DEFAULT NULL,
  PRIMARY KEY (`id`)
) ENGINE=InnoDB AUTO_INCREMENT=297 DEFAULT CHARSET=utf8mb4 COLLATE=utf8mb4_unicode_ci;

/*Data for the table `round_results` */

insert  into `round_results`(`id`,`rounds_id`,`team_id`,`rank`,`tier`,`wins`,`loses`,`ties`,`end_rank`,`league_id`,`created_at`,`updated_at`) values 
(82,5,12,2,1,0,0,0,0,2,NULL,NULL),
(83,1,2,1,1,6,1,0,1,1,NULL,'2017-11-22 18:30:39'),
(84,1,5,2,1,4,3,0,4,1,NULL,'2017-11-22 18:30:39'),
(85,1,4,3,1,5,2,0,3,1,NULL,'2017-11-22 18:30:39'),
(86,1,6,4,1,4,3,0,5,1,NULL,'2017-11-22 18:30:39'),
(87,1,3,5,1,6,1,0,2,1,NULL,'2017-11-22 18:30:39'),
(88,1,9,6,1,1,6,0,6,1,NULL,'2017-11-22 18:30:39'),
(89,1,10,7,1,1,6,0,7,1,NULL,'2017-11-22 18:30:39'),
(90,1,11,8,1,1,6,0,8,1,NULL,'2017-11-22 18:30:39'),
(91,1,12,1,2,3,4,0,4,1,NULL,'2017-11-22 18:30:39'),
(92,1,8,2,2,5,2,0,2,1,NULL,'2017-11-22 18:30:39'),
(93,1,7,3,2,7,0,0,1,1,NULL,'2017-11-22 18:30:39'),
(94,1,1,4,2,4,3,0,3,1,NULL,'2017-11-22 18:30:39'),
(95,1,13,5,2,3,4,0,5,1,NULL,'2017-11-22 18:30:39'),
(96,1,17,6,2,3,4,0,6,1,NULL,'2017-11-22 18:30:39'),
(97,1,18,7,2,3,4,0,7,1,NULL,'2017-11-22 18:30:39'),
(98,1,19,8,2,0,7,0,8,1,NULL,'2017-11-22 18:30:39'),
(99,1,15,1,3,6,1,0,2,1,NULL,'2017-11-22 18:30:40'),
(100,1,14,2,3,7,0,0,1,1,NULL,'2017-11-22 18:30:40'),
(101,1,16,3,3,5,2,0,3,1,NULL,'2017-11-22 18:30:40'),
(102,1,25,4,3,2,5,0,6,1,NULL,'2017-11-22 18:30:40'),
(103,1,20,5,3,4,3,0,4,1,NULL,'2017-11-22 18:30:40'),
(104,1,26,6,3,1,6,0,7,1,NULL,'2017-11-22 18:30:40'),
(105,1,27,7,3,0,7,0,8,1,NULL,'2017-11-22 18:30:40'),
(106,1,21,8,3,3,4,0,5,1,NULL,'2017-11-22 18:30:40'),
(107,1,24,1,4,5,2,0,3,1,NULL,'2017-11-22 18:30:40'),
(108,1,23,2,4,6,1,0,2,1,NULL,'2017-11-22 18:30:40'),
(109,1,28,3,4,4,3,0,4,1,NULL,'2017-11-22 18:30:40'),
(110,1,30,4,4,2,5,0,6,1,NULL,'2017-11-22 18:30:40'),
(111,1,22,5,4,7,0,0,1,1,NULL,'2017-11-22 18:30:40'),
(112,1,32,6,4,0,7,0,8,1,NULL,'2017-11-22 18:30:40'),
(113,1,31,7,4,1,6,0,7,1,NULL,'2017-11-22 18:30:40'),
(114,1,29,8,4,3,4,0,5,1,NULL,'2017-11-22 18:30:40'),
(153,2,2,1,1,6,1,0,1,1,'2017-11-22 19:08:29','2017-11-22 19:39:03'),
(154,2,5,4,1,5,2,0,3,1,'2017-11-22 19:08:30','2017-11-22 19:39:58'),
(155,2,4,3,1,4,3,0,5,1,'2017-11-22 19:08:30','2017-11-22 19:39:58'),
(156,2,6,5,1,6,1,0,2,1,'2017-11-22 19:08:30','2017-11-22 19:39:58'),
(157,2,3,2,1,4,3,0,4,1,'2017-11-22 19:08:30','2017-11-22 19:39:58'),
(158,2,9,1,2,1,4,2,6,1,'2017-11-22 19:08:30','2017-11-22 19:40:55'),
(159,2,10,2,2,5,2,0,2,1,'2017-11-22 19:08:30','2017-11-22 19:40:55'),
(160,2,11,3,2,1,3,3,7,1,'2017-11-22 19:08:30','2017-11-22 19:40:55'),
(161,2,12,4,2,0,4,3,8,1,'2017-11-22 19:08:30','2017-11-22 19:40:55'),
(162,2,8,7,1,2,5,0,6,1,'2017-11-22 19:08:30','2017-11-22 19:39:58'),
(163,2,7,6,1,1,6,0,7,1,'2017-11-22 19:08:30','2017-11-22 19:39:58'),
(164,2,1,8,1,0,7,0,8,1,'2017-11-22 19:08:30','2017-11-22 19:39:58'),
(165,2,13,5,2,3,3,1,4,1,'2017-11-22 19:08:30','2017-11-22 19:40:55'),
(166,2,17,1,3,4,3,0,3,1,'2017-11-22 19:08:30','2017-11-22 19:52:38'),
(167,2,18,2,3,4,3,0,4,1,'2017-11-22 19:08:30','2017-11-22 19:52:38'),
(168,2,19,3,3,1,6,0,7,1,'2017-11-22 19:08:30','2017-11-22 19:52:38'),
(169,2,15,7,2,3,3,1,5,1,'2017-11-22 19:08:30','2017-11-22 19:40:55'),
(170,2,14,6,2,6,1,0,1,1,'2017-11-22 19:08:30','2017-11-22 19:40:55'),
(171,2,16,8,2,4,3,0,3,1,'2017-11-22 19:08:30','2017-11-22 19:40:55'),
(172,2,25,1,4,6,1,0,1,1,'2017-11-22 19:08:30','2017-11-22 19:52:38'),
(173,2,20,4,3,4,3,0,5,1,'2017-11-22 19:08:30','2017-11-22 19:52:38'),
(174,2,26,2,4,5,2,0,3,1,'2017-11-22 19:08:30','2017-11-22 19:53:31'),
(175,2,27,3,4,1,6,0,6,1,'2017-11-22 19:08:30','2017-11-22 19:53:31'),
(176,2,21,5,3,0,7,0,8,1,'2017-11-22 19:08:30','2017-11-22 19:52:38'),
(177,2,24,8,3,3,4,0,6,1,'2017-11-22 19:08:30','2017-11-22 19:52:38'),
(178,2,23,7,3,7,0,0,1,1,'2017-11-22 19:08:30','2017-11-22 19:52:38'),
(179,2,28,4,4,3,4,0,5,1,'2017-11-22 19:08:30','2017-11-22 19:53:31'),
(180,2,30,6,4,5,2,0,4,1,'2017-11-22 19:08:30','2017-11-22 19:53:31'),
(181,2,22,6,3,5,2,0,2,1,'2017-11-22 19:08:30','2017-11-22 19:52:38'),
(182,2,32,8,4,1,6,0,8,1,'2017-11-22 19:08:30','2017-11-22 19:53:31'),
(183,2,31,7,4,1,6,0,7,1,'2017-11-22 19:08:30','2017-11-22 19:53:31'),
(184,2,29,5,4,6,1,0,2,1,'2017-11-22 19:08:30','2017-11-22 19:53:31'),
(265,3,2,1,1,0,0,0,0,1,'2017-11-22 19:55:04','2017-11-22 19:55:04'),
(266,3,3,4,1,0,0,0,0,1,'2017-11-22 19:55:04','2017-11-22 19:55:04'),
(267,3,4,5,1,0,0,0,0,1,'2017-11-22 19:55:04','2017-11-22 19:55:04'),
(268,3,5,3,1,0,0,0,0,1,'2017-11-22 19:55:04','2017-11-22 19:55:04'),
(269,3,6,2,1,0,0,0,0,1,'2017-11-22 19:55:04','2017-11-22 19:55:04'),
(270,3,7,2,2,0,0,0,0,1,'2017-11-22 19:55:04','2017-11-22 19:55:04'),
(271,3,8,1,2,0,0,0,0,1,'2017-11-22 19:55:04','2017-11-22 19:55:04'),
(272,3,1,3,2,0,0,0,0,1,'2017-11-22 19:55:04','2017-11-22 19:55:04'),
(273,3,9,1,3,0,0,0,0,1,'2017-11-22 19:55:04','2017-11-22 19:55:04'),
(274,3,10,7,1,0,0,0,0,1,'2017-11-22 19:55:04','2017-11-22 19:55:04'),
(275,3,11,2,3,0,0,0,0,1,'2017-11-22 19:55:04','2017-11-22 19:55:04'),
(276,3,12,3,3,0,0,0,0,1,'2017-11-22 19:55:04','2017-11-22 19:55:04'),
(277,3,13,4,2,0,0,0,0,1,'2017-11-22 19:55:04','2017-11-22 19:55:04'),
(278,3,14,6,1,0,0,0,0,1,'2017-11-22 19:55:04','2017-11-22 19:55:04'),
(279,3,15,5,2,0,0,0,0,1,'2017-11-22 19:55:04','2017-11-22 19:55:04'),
(280,3,16,8,1,0,0,0,0,1,'2017-11-22 19:55:04','2017-11-22 19:55:04'),
(281,3,17,8,2,0,0,0,0,1,'2017-11-22 19:55:04','2017-11-22 19:55:04'),
(282,3,18,4,3,0,0,0,0,1,'2017-11-22 19:55:04','2017-11-22 19:55:04'),
(283,3,19,2,4,0,0,0,0,1,'2017-11-22 19:55:04','2017-11-22 19:55:04'),
(284,3,20,5,3,0,0,0,0,1,'2017-11-22 19:55:04','2017-11-22 19:55:04'),
(285,3,21,3,4,0,0,0,0,1,'2017-11-22 19:55:04','2017-11-22 19:55:04'),
(286,3,22,7,2,0,0,0,0,1,'2017-11-22 19:55:04','2017-11-22 19:55:04'),
(287,3,23,6,2,0,0,0,0,1,'2017-11-22 19:55:04','2017-11-22 19:55:04'),
(288,3,24,1,4,0,0,0,0,1,'2017-11-22 19:55:04','2017-11-22 19:55:04'),
(289,3,25,6,3,0,0,0,0,1,'2017-11-22 19:55:04','2017-11-22 19:55:04'),
(290,3,26,8,3,0,0,0,0,1,'2017-11-22 19:55:04','2017-11-22 19:55:04'),
(291,3,27,6,4,0,0,0,0,1,'2017-11-22 19:55:04','2017-11-22 19:55:04'),
(292,3,28,5,4,0,0,0,0,1,'2017-11-22 19:55:04','2017-11-22 19:55:04'),
(293,3,29,7,3,0,0,0,0,1,'2017-11-22 19:55:04','2017-11-22 19:55:04'),
(294,3,30,4,4,0,0,0,0,1,'2017-11-22 19:55:04','2017-11-22 19:55:04'),
(295,3,31,7,4,0,0,0,0,1,'2017-11-22 19:55:04','2017-11-22 19:55:04'),
(296,3,32,8,4,0,0,0,0,1,'2017-11-22 19:55:04','2017-11-22 19:55:04');

/*Table structure for table `rounds` */

DROP TABLE IF EXISTS `rounds`;

CREATE TABLE `rounds` (
  `id` int(10) unsigned NOT NULL AUTO_INCREMENT,
  `round` int(11) NOT NULL,
  `league_id` int(11) NOT NULL,
  `start` date NOT NULL,
  `end` date NOT NULL,
  `created_at` timestamp NULL DEFAULT NULL,
  `updated_at` timestamp NULL DEFAULT NULL,
  PRIMARY KEY (`id`)
) ENGINE=InnoDB AUTO_INCREMENT=7 DEFAULT CHARSET=utf8mb4 COLLATE=utf8mb4_unicode_ci;

/*Data for the table `rounds` */

insert  into `rounds`(`id`,`round`,`league_id`,`start`,`end`,`created_at`,`updated_at`) values 
(1,1,1,'2017-09-24','2017-10-14',NULL,NULL),
(2,2,1,'2017-10-15','2017-11-11',NULL,NULL),
(3,3,1,'2017-11-12','2017-12-09',NULL,NULL),
(4,1,2,'2017-09-24','2017-10-14',NULL,NULL),
(5,2,2,'2017-10-15','2017-11-11',NULL,NULL),
(6,3,2,'2017-11-12','2017-12-09',NULL,NULL);

/*Table structure for table `standings` */

DROP TABLE IF EXISTS `standings`;

CREATE TABLE `standings` (
  `id` int(10) unsigned NOT NULL AUTO_INCREMENT,
  `league` enum('womens','co-ed') COLLATE utf8mb4_unicode_ci NOT NULL,
  `round_id` int(11) NOT NULL,
  `rank` int(11) NOT NULL,
  `team_id` int(11) NOT NULL,
  `created_at` timestamp NULL DEFAULT NULL,
  `updated_at` timestamp NULL DEFAULT NULL,
  PRIMARY KEY (`id`)
) ENGINE=InnoDB AUTO_INCREMENT=9 DEFAULT CHARSET=utf8mb4 COLLATE=utf8mb4_unicode_ci;

/*Data for the table `standings` */

insert  into `standings`(`id`,`league`,`round_id`,`rank`,`team_id`,`created_at`,`updated_at`) values 
(1,'co-ed',2,1,2,NULL,NULL),
(2,'co-ed',2,2,3,NULL,NULL),
(3,'co-ed',2,3,4,NULL,NULL),
(4,'co-ed',2,4,5,NULL,NULL),
(5,'co-ed',2,5,6,NULL,NULL),
(6,'co-ed',2,6,7,NULL,NULL),
(7,'co-ed',2,7,8,NULL,NULL),
(8,'co-ed',2,7,1,NULL,NULL);

/*Table structure for table `teams` */

DROP TABLE IF EXISTS `teams`;

CREATE TABLE `teams` (
  `id` int(10) unsigned NOT NULL AUTO_INCREMENT,
  `team_name` varchar(255) COLLATE utf8mb4_unicode_ci NOT NULL,
  `contact_name` varchar(255) COLLATE utf8mb4_unicode_ci NOT NULL,
  `contact_email` varchar(255) COLLATE utf8mb4_unicode_ci NOT NULL,
  `contact_phone` varchar(255) COLLATE utf8mb4_unicode_ci NOT NULL,
  `league_id` int(11) NOT NULL,
  `tier` int(11) NOT NULL,
  `rank` int(11) NOT NULL,
  `created_at` timestamp NULL DEFAULT NULL,
  `updated_at` timestamp NULL DEFAULT NULL,
  PRIMARY KEY (`id`)
) ENGINE=InnoDB AUTO_INCREMENT=33 DEFAULT CHARSET=utf8mb4 COLLATE=utf8mb4_unicode_ci;

/*Data for the table `teams` */

insert  into `teams`(`id`,`team_name`,`contact_name`,`contact_email`,`contact_phone`,`league_id`,`tier`,`rank`,`created_at`,`updated_at`) values 
(1,'The Block Party','SPencer','spencer@gmail','39302',1,1,8,NULL,NULL),
(2,'Ramrod','Norten Weeks','notenweeks@hotmail.com','340',1,1,1,NULL,NULL),
(3,'McJesus','Justin Freitag','email','403',1,1,2,NULL,NULL),
(4,'I\'d Hit That','Trevor Biemans','email','403',1,1,3,NULL,NULL),
(5,'Smashkins','Josh Mason','email','403',1,1,4,NULL,NULL),
(6,'Pistol Noon','JD White','email','403',1,1,5,NULL,NULL),
(7,'Nat\'s Remedies Pusher','Chris Cass','email','403',1,1,6,NULL,NULL),
(8,'Mile High Club','Riley Danroth','email','403',1,1,7,NULL,NULL),
(9,'Venum','Venum','email','403',1,2,1,NULL,NULL),
(10,'Send it ','send ','email','403',1,2,2,NULL,NULL),
(11,'Jiggers Diggers','jigger','email','403',1,2,3,NULL,NULL),
(12,'Hit For Brains','hit','email','403',1,2,4,NULL,NULL),
(13,'Days off Diggers','Days','email','403',1,2,5,NULL,NULL),
(14,'Scoregasms','score','email','403',1,2,6,NULL,NULL),
(15,'Just the tip','just','email','403',1,2,7,NULL,NULL),
(16,'CSI','CSI','email','403',1,2,8,NULL,NULL),
(17,'Goofbalsl','goof','email','403',1,3,1,NULL,NULL),
(18,'Rude Dawgs','rude','email','403',1,3,2,NULL,NULL),
(19,'Bumpin Uglies','Bumpin','email','403',1,3,3,NULL,NULL),
(20,'Unknowns','unknown','email','403',1,3,4,NULL,NULL),
(21,'Cobras','cobras','email','403',1,3,5,NULL,NULL),
(22,'How I set your Mother','how','email','403',1,3,6,NULL,NULL),
(23,'Rowdies','Rowdies','email','403',1,3,7,NULL,NULL),
(24,'Sociables','social','email','403',1,3,8,NULL,NULL),
(25,'Set it and forget it','set','email','403',1,4,1,NULL,NULL),
(26,'Itsy bitsy','itsy','email','403',1,4,2,NULL,NULL),
(27,'Hey We Showed up','hey','email','403',1,4,3,NULL,NULL),
(28,'That\'s what she set','Thats','email','403',1,4,4,NULL,NULL),
(29,'Hale Hearing Hitters','Hale','email','403',1,4,5,NULL,NULL),
(30,'Jugs and Thugs','jugs','email','403',1,4,6,NULL,NULL),
(31,'Mishits','mis','email','403',1,4,7,NULL,NULL),
(32,'Spike Tysons','Spike','email','403',1,4,8,NULL,NULL);

/*Table structure for table `users` */

DROP TABLE IF EXISTS `users`;

CREATE TABLE `users` (
  `id` int(10) unsigned NOT NULL AUTO_INCREMENT,
  `email` varchar(255) COLLATE utf8mb4_unicode_ci NOT NULL,
  `name` varchar(255) COLLATE utf8mb4_unicode_ci NOT NULL,
  `password` varchar(255) COLLATE utf8mb4_unicode_ci NOT NULL,
  `team_id` int(11) NOT NULL DEFAULT '0',
  `remember_token` varchar(255) COLLATE utf8mb4_unicode_ci NOT NULL DEFAULT '',
  `created_at` timestamp NULL DEFAULT NULL,
  `updated_at` timestamp NULL DEFAULT NULL,
  PRIMARY KEY (`id`)
) ENGINE=InnoDB AUTO_INCREMENT=4 DEFAULT CHARSET=utf8mb4 COLLATE=utf8mb4_unicode_ci;

/*Data for the table `users` */

insert  into `users`(`id`,`email`,`name`,`password`,`team_id`,`remember_token`,`created_at`,`updated_at`) values 
(1,'dude.wallace@gmail.com','Spencer Walalce','$2y$10$fQooXnv4CVONF3cl5QwKDuOkYZTo/kyWZzaOklflFFEbK11IHk102',1,'icCPacTkURTG2AEOFGu2zFH5KHZ2H1lsJdg5SPr2VxN2N3Ioz2B8LsjDZfp9','2017-10-16 19:52:18','2017-10-16 19:52:18'),
(2,'spencer.wallace@outlook.com','Other person','$2y$10$xxBJ80RTDIEq.Pew9yFRn.fBqzqQvVlpKp37a2IPklH4N2XDusRQ2',2,'Gw9acBA1jeuKtyiYrAtiA7zcoY4Fhn5EpbgvbkNVCEy7Hno9LmMFNypoWDaC',NULL,'2017-10-18 15:41:41'),
(3,'swallace@weddingstar.com','Josh','$2y$10$2b11XTERHSqCNylMkrtWC.bt2cctzW4cdYZh0.sbzxRywrWI8Nls6',4,'yNeubyLiERQJQPBWimFCRy5PJIk7Av4u89uCPKUnq4M5DAtvpo5PODJEzcFX',NULL,'2017-10-26 17:40:58');

/*!40101 SET SQL_MODE=@OLD_SQL_MODE */;
/*!40014 SET FOREIGN_KEY_CHECKS=@OLD_FOREIGN_KEY_CHECKS */;
/*!40014 SET UNIQUE_CHECKS=@OLD_UNIQUE_CHECKS */;
/*!40111 SET SQL_NOTES=@OLD_SQL_NOTES */;
